avg_per_token_ms,device,dtype,e2e_ms,file,first_attention_projection_ms,first_attention_qkv_ms,first_attention_softmax_ms,first_attention_total_ms,first_decoder_layer_total_ms,first_embedding_lookup_ms,first_framework_overhead_ms,first_is_first_token,first_kv_cache_rw_estimated_ms,first_layernorm_total_ms,first_lm_head_ms,first_mlp_projection_ms,first_mlp_total_ms,first_residual_ms,first_sampling_decoding_ms,first_token_index,first_total_token_ms,generated_tokens,kv_cache_bytes_per_token,kv_cache_measurement_note,model_name,prompt_tokens,result_schema_version,steady_attention_projection_ms,steady_attention_qkv_ms,steady_attention_softmax_ms,steady_attention_total_ms,steady_decoder_layer_total_ms,steady_embedding_lookup_ms,steady_framework_overhead_ms,steady_is_first_token,steady_kv_cache_rw_estimated_ms,steady_layernorm_total_ms,steady_lm_head_ms,steady_mlp_projection_ms,steady_mlp_total_ms,steady_residual_ms,steady_sampling_decoding_ms,steady_token_index,steady_total_token_ms,timing_method,trial_index,ttft_ms
79.98841504687849,mps,float32,2001.6893370747566,single_benchmark_kv_on_20260416_235003.json,11.634457111358643,20.358498692512512,21.698627173900604,53.69158297777176,153.9137898683548,0.1935420036315918,2.8747744501965826,1.0,0.04881066666666666,11.822702825069427,4.730415999889374,71.79949420690536,81.1891240477562,7.210380017757416,0.1944580078125,1.0,161.9557909965515,24,45056,KV-cache transfer time is estimated analytically from bytes moved and an effective bandwidth value; it is not directly isolated by a hardware profiler.,TinyLlama/TinyLlama-1.1B-Chat-v1.0,129,2.0,5.046498044677403,11.854153739369433,13.767061961733777,30.667713745780613,75.61988788843155,0.18861234447230463,2.681498854030355,0.0,0.05331626666666667,8.677344161531199,1.223353209702865,22.577857095262278,29.729450588640958,6.545379392478777,0.22174648357474286,13.0,79.98841504687849,forward hooks + synchronized wall-clock timing,1,161.9557909965515
89.37444739756377,mps,float32,2262.8765401244164,single_benchmark_kv_on_20260416_235003.json,16.17983305454254,26.76224994659424,26.500206172466278,69.44228917360306,196.32858407497406,0.2350829839706421,3.516230279340107,1.0,0.04881066666666666,13.424373090267181,6.895749986171722,94.57429301738739,105.01729291677475,8.444628894329071,0.23979198932647705,1.0,207.26424998044968,24,45056,KV-cache transfer time is estimated analytically from bytes moved and an effective bandwidth value; it is not directly isolated by a hardware profiler.,TinyLlama/TinyLlama-1.1B-Chat-v1.0,129,2.0,5.145364051279814,11.73832806556121,19.66541863006094,36.54911074690197,83.64657776511234,0.199134041433749,3.8567165447055096,0.0,0.05331626666666667,9.531402385753134,1.3831195623978325,24.266565848951753,31.324271310930666,6.241793321526569,0.2355832172476727,13.0,89.37444739756377,forward hooks + synchronized wall-clock timing,2,207.26424998044968
119.22799274454947,mps,float32,3296.804833114147,single_benchmark_kv_on_20260416_235003.json,38.95725202560425,65.5964213013649,71.73853653669357,176.29220986366272,515.0900420546532,0.3134160041809082,6.889898234738666,1.0,0.04881066666666666,32.53296089172363,31.64112502336502,278.7873328924179,295.65062189102173,10.614249408245087,0.5777080059051514,1.0,554.5609999895096,24,45056,KV-cache transfer time is estimated analytically from bytes moved and an effective bandwidth value; it is not directly isolated by a hardware profiler.,TinyLlama/TinyLlama-1.1B-Chat-v1.0,129,2.0,8.589794257412786,16.125602657380313,22.476236379664876,47.19163329445797,111.99873866983081,0.23855077702066171,5.104379811986253,0.0,0.05331626666666667,11.361806592215663,1.5691484757091687,36.55508533768032,45.079500765904136,8.365798017253047,0.2638587433358897,13.0,119.22799274454947,forward hooks + synchronized wall-clock timing,3,554.5609999895096
106.14068474458611,mps,float16,2947.616833150387,single_benchmark_kv_on_20260416_234825.json,32.889126002788544,62.68907672166824,67.8028833270073,163.38108605146408,446.5571730732918,0.19737499952316284,4.089039772778278,1.0,0.2465792,28.064038038253784,55.02449995279312,232.58387207984924,245.3267103433609,9.785338640213013,0.2664170265197754,1.0,506.38108402490616,24,114688,KV-cache transfer time is estimated analytically from bytes moved and an effective bandwidth value; it is not directly isolated by a hardware profiler.,meta-llama/Llama-3.2-3B-Instruct,257,2.0,6.113289190375286,14.672016125658285,23.63846792086311,44.42377323689668,99.35564137282579,0.1786123073619345,2.818152933560082,0.0,0.258048,11.735361392083375,3.297875085602636,28.15143460812776,35.96664546624474,7.229861277600993,0.23235504523567532,13.0,106.14068474458611,forward hooks + synchronized wall-clock timing,1,506.38108402490616
106.24299266545668,mps,float16,2940.148206293583,single_benchmark_kv_on_20260416_234825.json,32.61845391988754,62.00879377126694,66.35821133852005,160.98545902967453,438.62345999479294,0.22562503814697266,3.7821697891051826,1.0,0.2465792,26.18533319234848,53.42324995994568,231.23325085639954,242.6220829486847,8.830584824085236,0.25829100608825684,1.0,496.55937498807907,24,114688,KV-cache transfer time is estimated analytically from bytes moved and an effective bandwidth value; it is not directly isolated by a hardware profiler.,meta-llama/Llama-3.2-3B-Instruct,257,2.0,6.087732213994731,14.533652709878009,23.36245904798093,43.98384397185367,99.2226382623548,0.1789690955825474,2.711232289567036,0.0,0.258048,11.978087902069092,3.3274401840956314,28.2027592425761,36.03891117158143,7.221795216850612,0.5446648338566655,13.0,106.24299266545668,forward hooks + synchronized wall-clock timing,2,496.55937498807907
104.13707061435865,mps,float16,2903.1038321256638,single_benchmark_kv_on_20260416_234825.json,33.119414031505585,63.309041917324066,72.25092005729675,168.6793760061264,449.6226210594177,0.1841670274734497,4.005424708157307,1.0,0.2465792,26.193336009979248,53.62383300065994,232.1645410656929,244.86325007677078,9.88665896654129,0.2685829997062683,1.0,507.95120799541473,24,114688,KV-cache transfer time is estimated analytically from bytes moved and an effective bandwidth value; it is not directly isolated by a hardware profiler.,meta-llama/Llama-3.2-3B-Instruct,257,2.0,6.081817865371704,14.978538699772047,21.104517936706543,42.16487450185029,98.03192393416944,0.1843261744665063,2.1881457676305365,0.0,0.258048,11.973944664001465,3.2489656106285425,28.19216258370358,36.3351951137833,7.557909654534382,0.225661127463631,13.0,104.13707061435865,forward hooks + synchronized wall-clock timing,3,507.95120799541473
99.59963035324346,mps,float16,2534.838665127754,single_benchmark_kv_on_20260416_234720.json,13.38849824666977,28.628749907016754,19.717709958553314,61.73495811223984,207.813579082489,0.6685420274734497,3.816092435018163,1.0,0.06307839999999999,17.211126804351807,31.44095802307129,112.3644187450409,121.42024791240692,7.447246253490448,0.24491703510284424,1.0,244.04716700315475,24,114688,KV-cache transfer time is estimated analytically from bytes moved and an effective bandwidth value; it is not directly isolated by a hardware profiler.,meta-llama/Llama-3.2-3B-Instruct,65,2.0,5.952007576175358,14.863665376020515,16.727732603964597,37.54340555616047,92.7631215142167,0.18256161005600638,3.109807677990225,0.0,0.0745472,11.889233547708262,3.2448459993238035,28.004333827806555,35.96890194001405,7.361580470333928,0.22474635165670645,13.0,99.59963035324346,forward hooks + synchronized wall-clock timing,1,244.04716700315475
99.00135317833528,mps,float16,2525.534456074238,single_benchmark_kv_on_20260416_234720.json,13.694876909255981,28.79620772600174,19.649581491947174,62.140666127204895,213.84058713912964,0.1998329758644104,2.8526264463821462,1.0,0.06307839999999999,16.56604093313217,31.318583011627197,115.36888110637665,126.38370782136917,8.7501722574234,0.22862499952316284,1.0,248.50333297252655,24,114688,KV-cache transfer time is estimated analytically from bytes moved and an effective bandwidth value; it is not directly isolated by a hardware profiler.,meta-llama/Llama-3.2-3B-Instruct,65,2.0,5.975166701752206,14.995835594508959,16.598068581975024,37.56907087823619,93.15963903717373,0.17464303192885025,2.1628971230421645,0.0,0.0745472,11.90362496997999,3.2154855676319287,28.03659575659296,36.17705043502476,7.509892753932787,0.21414121855860171,13.0,99.00135317833528,forward hooks + synchronized wall-clock timing,2,248.50333297252655
98.89713039864664,mps,float16,2527.9145411252975,single_benchmark_kv_on_20260416_234720.json,13.50882887840271,28.61112743616104,24.12454378604889,66.24450010061264,217.3376266360283,0.22437500953674316,4.005211952821355,1.0,0.06307839999999999,17.03720271587372,31.408999979496002,115.03808373212814,125.82088029384613,8.2350435256958,0.24124997854232788,1.0,253.2805419564247,24,114688,KV-cache transfer time is estimated analytically from bytes moved and an effective bandwidth value; it is not directly isolated by a hardware profiler.,meta-llama/Llama-3.2-3B-Instruct,65,2.0,5.911677614502285,14.738241042779839,17.265704836534418,37.91562349381654,92.80978850955549,0.17313030232553897,2.3574904696793926,0.0,0.0745472,11.71376959655596,3.2736340372458748,27.931209489055302,35.85384826297345,7.326547156209531,0.20853987984035327,13.0,98.89713039864664,forward hooks + synchronized wall-clock timing,3,253.2805419564247
66.84040592027748,mps,float16,1644.4601691365242,single_benchmark_kv_on_20260416_234845.json,5.398165047168732,13.290169060230255,13.337580978870392,32.02591508626938,84.88470613956451,0.1622079610824585,2.861076959893296,1.0,0.0063829333333333335,12.217463850975037,18.92504197359085,28.875665068626404,35.06391614675522,5.57741105556488,0.2914170026779175,1.0,107.13083297014236,24,22528,KV-cache transfer time is estimated analytically from bytes moved and an effective bandwidth value; it is not directly isolated by a hardware profiler.,TinyLlama/TinyLlama-1.1B-Chat-v1.0,33,2.0,3.668449077917182,9.029734126899553,15.146684690662052,27.84486789547879,63.07196550524753,0.170208347880322,2.70208731952079,0.0,0.008635733333333333,9.306018168511597,0.6913621788439543,14.665668412395146,20.525535959264506,5.395543481992639,0.19614683545154074,13.0,66.84040592027748,forward hooks + synchronized wall-clock timing,1,107.13083297014236
65.15301446811013,mps,float16,1603.309665799141,single_benchmark_kv_on_20260416_234845.json,5.491084039211273,13.094460189342499,12.67499977350235,31.260544002056122,84.87446016073227,0.19062495231628418,4.553030976578782,1.0,0.0063829333333333335,12.117794275283813,14.903833985328674,29.314043760299683,35.678747951984406,5.8173739314079285,0.26200002431869507,1.0,104.79033303260803,24,22528,KV-cache transfer time is estimated analytically from bytes moved and an effective bandwidth value; it is not directly isolated by a hardware profiler.,TinyLlama/TinyLlama-1.1B-Chat-v1.0,33,2.0,3.7316229343414307,9.558277316715406,12.527214918447578,25.817115169504415,61.85624978335007,0.17063412977301556,2.2089477830363617,0.0,0.008635733333333333,9.376836867436118,0.7125670002854388,14.784943292970242,21.023200325343918,5.639097421065621,0.19598003833190256,13.0,65.15301446811013,forward hooks + synchronized wall-clock timing,2,104.79033303260803
65.59953434570976,mps,float16,1613.2642479538918,single_benchmark_kv_on_20260416_234845.json,5.591581881046295,13.047544240951538,14.537080645561218,33.17620676755905,85.41245782375336,0.20141702890396118,2.809450277611802,1.0,0.0063829333333333335,11.34179174900055,15.792624950408936,29.129500925540924,35.30125021934509,5.593209087848663,0.2526249885559082,1.0,104.47495800256729,24,22528,KV-cache transfer time is estimated analytically from bytes moved and an effective bandwidth value; it is not directly isolated by a hardware profiler.,TinyLlama/TinyLlama-1.1B-Chat-v1.0,33,2.0,3.7362097631330076,9.56950241845587,12.786831169024758,26.092543350613635,62.204275081986964,0.17661417826362277,2.3028301001647504,0.0,0.008635733333333333,9.332739125127377,0.7087770907775216,14.866062667058861,21.09579316170319,5.68319944454276,0.19840216118356455,13.0,65.59953434570976,forward hooks + synchronized wall-clock timing,3,104.47495800256729
64.40371004135713,mps,float16,1690.5533729195595,single_benchmark_kv_on_20260416_234941.json,14.872915863990784,26.771207749843597,32.01233434677124,73.65645796060562,198.97691810131073,0.22554099559783936,3.3038137070892333,1.0,0.0484352,18.294249892234802,6.511291980743408,90.60287302732468,99.71979016065598,7.306420087814331,0.20204198360443115,1.0,209.26804196834564,24,22528,KV-cache transfer time is estimated analytically from bytes moved and an effective bandwidth value; it is not directly isolated by a hardware profiler.,TinyLlama/TinyLlama-1.1B-Chat-v1.0,257,2.0,3.5172425560329272,8.959943512211675,14.812754866869554,27.289940935114156,61.36505505313044,0.15463404551796292,1.9637226331078903,0.0,0.050688000000000004,8.78744626822679,0.693083221497743,14.15458715998608,19.945146498472795,5.342521351316701,0.17652708810308707,13.0,64.40371004135713,forward hooks + synchronized wall-clock timing,1,209.26804196834564
66.32123182649198,mps,float16,1731.8066650032997,single_benchmark_kv_on_20260416_234941.json,15.069833874702454,24.68816500902176,31.980833053588867,71.73883193731308,196.73008197546005,0.17012500762939453,2.7333567850349425,1.0,0.0484352,17.222877085208893,6.537167012691498,91.02804005146027,100.25725090503693,7.511122047901154,0.19916701316833496,1.0,206.41833299398422,24,22528,KV-cache transfer time is estimated analytically from bytes moved and an effective bandwidth value; it is not directly isolated by a hardware profiler.,TinyLlama/TinyLlama-1.1B-Chat-v1.0,257,2.0,3.57603863529537,9.010119375975236,15.4904687171397,28.076626728410307,62.83832990604898,0.16594751762307208,2.406199452498726,0.0,0.050688000000000004,9.087820335574772,0.6705832973770474,14.372024118900299,20.271225947400797,5.402656894663106,0.18948365294415018,13.0,66.32123182649198,forward hooks + synchronized wall-clock timing,2,206.41833299398422
67.47076090781584,mps,float16,1756.926125884056,single_benchmark_kv_on_20260416_234941.json,14.350251138210297,24.551874935626984,31.585579991340637,70.48770606517792,195.04724687337875,0.18449997901916504,3.1267339699028014,1.0,0.0484352,17.47345894575119,6.517834007740021,90.80249887704849,99.90366697311401,7.182414889335632,0.17387497425079346,1.0,205.09862500429153,24,22528,KV-cache transfer time is estimated analytically from bytes moved and an effective bandwidth value; it is not directly isolated by a hardware profiler.,TinyLlama/TinyLlama-1.1B-Chat-v1.0,257,2.0,3.580277030882628,9.03211953588154,15.923366062019182,28.53576262878335,63.25430459820706,0.16061051254687103,3.14301636668396,0.0,0.050688000000000004,8.96347912757293,0.6732139146846273,14.47487444203833,20.373932955057725,5.381129886793054,0.18892751569333283,13.0,67.47076090781584,forward hooks + synchronized wall-clock timing,3,205.09862500429153
56.56435508831687,mps,float16,1515.916541993618,single_benchmark_kv_on_20260416_234614.json,11.040584921836853,20.648084104061127,25.298747897148132,56.98741692304611,177.00087386369705,0.19770801067352295,2.866549909123222,1.0,0.07045119999999999,14.040458083152771,34.56620901823044,92.75249415636063,100.43641585111618,5.5365830063819885,0.23458296060562134,1.0,214.93637496232986,24,32768,KV-cache transfer time is estimated analytically from bytes moved and an effective bandwidth value; it is not directly isolated by a hardware profiler.,meta-llama/Llama-3.2-1B-Instruct,257,2.0,2.817313896573108,7.572932896406754,12.364508882812832,22.754755675792694,51.89226266353027,0.16992577262546704,2.0669964775606235,0.0,0.073728,7.10838954863341,2.1465055216913638,12.925992465537528,17.729936584182408,4.299180854921755,0.21493665290915448,13.0,56.56435508831687,forward hooks + synchronized wall-clock timing,1,214.93637496232986
56.233903913394265,mps,float16,1507.2947480082512,single_benchmark_kv_on_20260416_234614.json,11.055832982063293,20.80016392469406,25.26433616876602,57.12033307552338,176.24349802732468,0.19845902919769287,2.704008758076469,1.0,0.07045119999999999,13.255501091480255,34.452332973480225,92.88916766643524,100.36783397197723,5.499829888343811,0.24620801210403442,1.0,213.9149580001831,24,32768,KV-cache transfer time is estimated analytically from bytes moved and an effective bandwidth value; it is not directly isolated by a hardware profiler.,meta-llama/Llama-3.2-1B-Instruct,257,2.0,2.7977044064065684,7.5009235558302505,12.539515254290208,22.838143216527026,51.718137759229414,0.177990954855214,1.9119837715089216,0.0,0.073728,7.053901957428974,2.1439873394758804,12.852144780366316,17.587402551070504,4.238690034202907,0.20807608832483707,13.0,56.233903913394265,forward hooks + synchronized wall-clock timing,2,213.9149580001831
56.494425695875414,mps,float16,1514.3308740258217,single_benchmark_kv_on_20260416_234614.json,11.193292081356049,20.9550798535347,25.55396008491516,57.70233201980591,177.1642490029335,0.15904200077056885,2.7572987675750653,1.0,0.07045119999999999,13.391166925430298,34.56650000810623,92.83091914653778,100.45612490177155,5.614625155925751,0.2415420413017273,1.0,214.9590830206871,24,32768,KV-cache transfer time is estimated analytically from bytes moved and an effective bandwidth value; it is not directly isolated by a hardware profiler.,meta-llama/Llama-3.2-1B-Instruct,257,2.0,2.7980738541354304,7.564032088155332,12.412111588146375,22.774217530437138,51.92609033636425,0.17068290969599847,1.9610732265951736,0.0,0.073728,7.151565559532331,2.1419128749681557,12.92983997904736,17.726411207862522,4.273896038532257,0.22093834825184033,13.0,56.494425695875414,forward hooks + synchronized wall-clock timing,3,214.9590830206871
103.28863199897434,mps,float16,2711.1331609487534,single_benchmark_kv_on_20260416_234747.json,22.32508075237274,42.076461136341095,37.03704214096069,101.43858402967453,293.4688756465912,0.23750001192092896,4.172295999865241,1.0,0.12424533333333333,27.51266598701477,37.25129199028015,140.77658104896545,154.6240001320839,9.893625497817993,0.24041599035263062,1.0,335.49462497234344,24,114688,KV-cache transfer time is estimated analytically from bytes moved and an effective bandwidth value; it is not directly isolated by a hardware profiler.,meta-llama/Llama-3.2-3B-Instruct,129,2.0,6.054683216240095,14.95295221131781,18.807835817337036,39.81547124489494,96.05942185806191,0.18184217421904855,3.3541430038698836,0.0,0.13571413333333332,12.211080602977587,3.3293333053588867,28.475771543772325,36.59897639440454,7.433893615784853,0.22817752413127734,13.0,103.28863199897434,forward hooks + synchronized wall-clock timing,1,335.49462497234344
108.22304521177126,mps,float16,2823.402581870556,single_benchmark_kv_on_20260416_234747.json,21.369375109672546,42.16916388273239,37.534668147563934,101.07320713996887,289.4502100944519,0.21766704320907593,9.126086545328803,1.0,0.12424533333333333,28.357499957084656,35.04133301973343,138.56745773553848,151.00987601280212,9.009626984596252,0.312999963760376,1.0,334.2725419998169,24,114688,KV-cache transfer time is estimated analytically from bytes moved and an effective bandwidth value; it is not directly isolated by a hardware profiler.,meta-llama/Llama-3.2-3B-Instruct,129,2.0,6.297141585661017,15.053155945694964,20.414551810078,41.76484934143398,99.63288003206253,0.1947898294614709,4.599036225621387,0.0,0.13571413333333332,12.764400000157563,3.402998208999634,29.377310276031494,37.65651367280794,7.447117017663044,0.2576267822929051,13.0,108.22304521177126,forward hooks + synchronized wall-clock timing,2,334.2725419998169
108.86877543770748,mps,float16,2802.513085067272,single_benchmark_kv_on_20260416_234747.json,20.281834065914154,39.6636221408844,27.63079470396042,87.57625091075897,258.88091802597046,0.18733394145965576,3.768461716513343,1.0,0.12424533333333333,20.04833322763443,35.27324998378754,134.11370730400085,143.86745584011078,7.388878047466278,0.29704099893569946,1.0,298.53125,24,114688,KV-cache transfer time is estimated analytically from bytes moved and an effective bandwidth value; it is not directly isolated by a hardware profiler.,meta-llama/Llama-3.2-3B-Instruct,129,2.0,6.2386772321618125,15.153622062309928,20.77586174270381,42.16816103717555,100.14899719538896,0.1887879993604577,4.701511635543779,0.0,0.13571413333333332,12.872969868390456,3.4288351224816362,29.37670053606448,37.63576076341712,7.472105526405832,0.26492935159932013,13.0,108.86877543770748,forward hooks + synchronized wall-clock timing,3,298.53125
53.95745833714803,mps,float16,892.0778340697289,single_benchmark_kv_on_20260416_234507.json,3.524955987930298,9.027332484722137,13.832794606685638,26.385083079338074,65.71566790342331,0.17991703748703003,4.607361485792538,1.0,0.006553600000000001,10.46129310131073,11.930249989032745,20.067082166671753,24.73508393764496,4.134207785129547,0.2762089967727661,1.0,82.71595901250839,16,32768,KV-cache transfer time is estimated analytically from bytes moved and an effective bandwidth value; it is not directly isolated by a hardware profiler.,meta-llama/Llama-3.2-1B-Instruct,23,2.0,2.6303027153015135,6.916789615154267,11.261096521218617,20.808188851674398,48.532680265108745,0.17539172967274982,2.8316788822191876,0.0,0.008738133333333334,7.116255124409993,2.1858943899472556,12.391689399878183,16.719216660658518,3.8890196283658347,0.22307493686676025,9.0,53.95745833714803,forward hooks + synchronized wall-clock timing,1,82.71595901250839
52.29380547205607,mps,float16,863.6072070598602,single_benchmark_kv_on_20260416_234507.json,3.510542094707489,9.369790732860565,11.758085072040558,24.638417899608612,62.89199894666672,0.1841670274734497,3.950697471929928,1.0,0.006553600000000001,9.213710963726044,11.931124985218048,20.17062109708786,24.836835086345673,4.203034996986389,0.23558294773101807,1.0,79.20012497901917,16,32768,KV-cache transfer time is estimated analytically from bytes moved and an effective bandwidth value; it is not directly isolated by a hardware profiler.,meta-llama/Llama-3.2-1B-Instruct,23,2.0,2.685086139043172,7.068930697441101,10.27557423512141,20.029591071605683,47.696416250864665,0.16498340368270875,2.078456678964488,0.0,0.008738133333333334,6.669083146254222,2.1392054597536725,12.523194829622904,16.963564252853395,4.034177780151367,0.20600554545720418,9.0,52.29380547205607,forward hooks + synchronized wall-clock timing,2,79.20012497901917
51.77180839776993,mps,float16,852.0211679339409,single_benchmark_kv_on_20260416_234507.json,3.420125901699066,9.213456690311432,11.23921149969101,23.872794091701508,60.591543078422546,0.19554197788238525,2.5564033292068444,1.0,0.006553600000000001,8.406083166599274,11.865417003631592,19.81020897626877,24.330711126327515,3.9819546937942505,0.2285829782485962,1.0,75.44404196739197,16,32768,KV-cache transfer time is estimated analytically from bytes moved and an effective bandwidth value; it is not directly isolated by a hardware profiler.,meta-llama/Llama-3.2-1B-Instruct,23,2.0,2.6452725887298585,6.800361589590708,10.709152364730835,20.1547865430514,47.034397133191426,0.16015832821528117,2.2311620741861984,0.0,0.008738133333333334,6.506525429089864,2.13723886013031,12.22452219327291,16.487289182345073,3.8857959787050884,0.2001138687133789,9.0,51.77180839776993,forward hooks + synchronized wall-clock timing,3,75.44404196739197
68.93699274374092,mps,float16,1698.8166661262512,single_benchmark_kv_on_20260416_234854.json,6.43316775560379,14.163919866085052,14.728493392467499,35.32558101415634,106.62529182434082,0.21404099464416504,3.9535677780433645,1.0,0.012390400000000001,12.588793933391571,2.267167031764984,45.30745178461075,52.868249118328094,5.842667758464813,0.19337499141693115,1.0,113.26583302021027,24,22528,KV-cache transfer time is estimated analytically from bytes moved and an effective bandwidth value; it is not directly isolated by a hardware profiler.,TinyLlama/TinyLlama-1.1B-Chat-v1.0,65,2.0,3.7744872595952903,9.5824559641921,14.96578142694805,28.32272465073544,64.89632672330607,0.17775200501732205,2.964866661572928,0.0,0.0146432,9.605535973673282,0.6871395525724991,15.030695161093837,21.274637328541797,5.693428770355556,0.19626460127208545,13.0,68.93699274374092,forward hooks + synchronized wall-clock timing,1,113.26583302021027
79.20968483064486,mps,float16,1935.373626112938,single_benchmark_kv_on_20260416_234854.json,6.663792133331299,14.395374059677124,14.147414982318878,35.2065811753273,107.81078910827637,0.17925000190734863,3.0711965312286367,1.0,0.012390400000000001,12.79504007101059,2.2778329849243164,45.78611898422241,53.71999889612198,6.089168965816498,0.19941598176956177,1.0,113.55087500810623,24,22528,KV-cache transfer time is estimated analytically from bytes moved and an effective bandwidth value; it is not directly isolated by a hardware profiler.,TinyLlama/TinyLlama-1.1B-Chat-v1.0,65,2.0,4.017818746359452,10.268213826677073,19.546439777249876,33.8324723502864,73.5028566977252,0.1823133541190106,4.48437866445568,0.0,0.0146432,10.699269955572875,0.8092790375585142,16.684945710327316,23.314928974794306,5.656185417071633,0.2162138767864393,13.0,79.20968483064486,forward hooks + synchronized wall-clock timing,2,113.55087500810623
77.57414308319922,mps,float16,1898.1076659560204,single_benchmark_kv_on_20260416_234854.json,6.4530839920043945,14.544004023075104,15.500410795211792,36.49749881029129,107.28095811605453,0.1808750033378601,3.8460684766098012,1.0,0.012390400000000001,12.941999852657318,2.356458008289337,44.45762521028519,51.706373035907745,6.135086417198181,0.22562503814697266,1.0,113.9023750424385,24,22528,KV-cache transfer time is estimated analytically from bytes moved and an effective bandwidth value; it is not directly isolated by a hardware profiler.,TinyLlama/TinyLlama-1.1B-Chat-v1.0,65,2.0,4.463795480520829,10.388595109400542,17.616633233816728,32.4690238237381,73.39784126437229,0.20641656284746918,2.8608907073098235,0.0,0.0146432,10.916219428829525,0.8318097409994706,17.019717141338017,23.90667378384134,6.105924227963323,0.26254160767016205,13.0,77.57414308319922,forward hooks + synchronized wall-clock timing,3,113.9023750424385
70.06062499595726,mps,float16,1818.2126249074936,single_benchmark_kv_on_20260416_234911.json,14.50232994556427,24.011332392692566,32.5914186835289,71.10508102178574,196.79075008630753,0.20687496662139893,2.9464817754981993,1.0,0.0484352,18.75287503004074,6.571291983127594,91.05296099185944,100.02045923471451,6.9123347997665405,0.25441598892211914,1.0,206.81825000047684,24,22528,KV-cache transfer time is estimated analytically from bytes moved and an effective bandwidth value; it is not directly isolated by a hardware profiler.,TinyLlama/TinyLlama-1.1B-Chat-v1.0,257,2.0,3.7898730091426684,9.96429676854092,15.689337458299553,29.443507235983144,66.49702163882877,0.1794347400250642,2.438701569863029,0.0,0.050688000000000004,9.695614078770513,0.6939565720765487,15.001678363136623,21.467871225398518,5.890029098676599,0.20082247516383295,13.0,70.06062499595726,forward hooks + synchronized wall-clock timing,1,206.81825000047684
69.72849265647972,mps,float16,1813.1527481079102,single_benchmark_kv_on_20260416_234911.json,14.701914966106415,24.945624887943268,32.7762930393219,72.42383289337158,199.1419619321823,0.20991599559783936,3.2027698867080687,1.0,0.0484352,18.429920077323914,6.574917018413544,91.52200502157211,100.89895796775818,7.389250993728638,0.21941697597503662,1.0,209.3974170088768,24,22528,KV-cache transfer time is estimated analytically from bytes moved and an effective bandwidth value; it is not directly isolated by a hardware profiler.,TinyLlama/TinyLlama-1.1B-Chat-v1.0,257,2.0,3.7767786020817966,9.829201156678407,15.68288626100706,29.288866019767262,66.23537676489872,0.17861582921898883,2.36769253257569,0.0,0.050688000000000004,9.636879410432732,0.6938877002052639,15.026785327040631,21.473101921703506,5.836529412995214,0.20223182958105337,13.0,69.72849265647972,forward hooks + synchronized wall-clock timing,2,209.3974170088768
69.45403065629627,mps,float16,1810.1108300685883,single_benchmark_kv_on_20260416_234911.json,14.905834019184113,25.20841497182846,32.60883313417435,72.72308212518692,199.31337398290634,0.15958398580551147,6.308148812508392,1.0,0.0484352,17.705211639404297,6.603375017642975,91.6656659245491,101.3893369436264,7.495743274688721,0.23520797491073608,1.0,212.66812497377396,24,22528,KV-cache transfer time is estimated analytically from bytes moved and an effective bandwidth value; it is not directly isolated by a hardware profiler.,TinyLlama/TinyLlama-1.1B-Chat-v1.0,257,2.0,3.802903740302376,9.972434385963108,15.392621921456378,29.167960047721863,66.1199145472568,0.17874282339344855,2.204357367323834,0.0,0.050688000000000004,9.618159682854362,0.6997826125310815,15.057492727818696,21.507494809834853,5.826300006845723,0.2005453057911085,13.0,69.45403065629627,forward hooks + synchronized wall-clock timing,3,212.66812497377396
73.92086782662764,mps,float32,1818.8220430016518,single_benchmark_kv_on_20260416_234950.json,7.14504086971283,15.12837702035904,14.24662309885025,36.52004098892212,111.75116813182831,0.19579201936721802,3.8799680570213297,1.0,0.024780800000000002,9.164501011371613,2.5871660113334656,51.30896031856537,59.55108314752579,6.515542984008789,0.20320796966552734,1.0,118.64208298921585,24,45056,KV-cache transfer time is estimated analytically from bytes moved and an effective bandwidth value; it is not directly isolated by a hardware profiler.,TinyLlama/TinyLlama-1.1B-Chat-v1.0,65,2.0,4.528818348179692,10.730850175670955,12.435486998247063,27.69515552209771,69.15088020977767,0.16973012685775757,3.1749509574298354,0.0,0.0292864,8.001880412516387,1.200637698173523,21.191438299158346,27.608056511567987,5.845787763595581,0.1953824343888656,13.0,73.92086782662764,forward hooks + synchronized wall-clock timing,1,118.64208298921585
74.47357255738714,mps,float32,1832.1507108211517,single_benchmark_kv_on_20260416_234950.json,7.159998893737793,15.24467009305954,18.027083039283752,40.431752026081085,113.10658210515976,0.19225001335144043,3.101387033805082,1.0,0.024780800000000002,9.156044900417328,2.6302080154418945,49.42245978116989,57.30520784854889,6.213577330112457,0.2033340334892273,1.0,119.2585420012474,24,45056,KV-cache transfer time is estimated analytically from bytes moved and an effective bandwidth value; it is not directly isolated by a hardware profiler.,TinyLlama/TinyLlama-1.1B-Chat-v1.0,65,2.0,4.588778672011002,10.750861214554828,12.765477742837822,28.105117629403654,69.61018635915673,0.16923736230186795,3.235315356697115,0.0,0.0292864,7.943969205669735,1.2331919514614602,21.235235056151513,27.66397432918134,5.897125194902006,0.19635512776996777,13.0,74.47357255738714,forward hooks + synchronized wall-clock timing,2,119.2585420012474
78.94017751579699,mps,float32,1950.351166844368,single_benchmark_kv_on_20260416_234950.json,7.195250988006592,15.689499080181122,27.797039926052094,50.68178999423981,126.17329102754593,0.18262499570846558,4.974887202128599,1.0,0.024780800000000002,10.451165795326233,3.066582977771759,49.88971000909805,58.429124891757965,6.611210346221924,0.30491697788238525,1.0,134.72708398103714,24,45056,KV-cache transfer time is estimated analytically from bytes moved and an effective bandwidth value; it is not directly isolated by a hardware profiler.,TinyLlama/TinyLlama-1.1B-Chat-v1.0,65,2.0,4.731088995933533,11.333235341569651,14.237974197968192,30.302298535471376,73.68793317546015,0.1847192645072937,3.5697025476610262,0.0,0.0292864,8.530186966709469,1.23735678455104,21.70754282111707,28.56620977235877,6.289237900920536,0.23117934361748074,13.0,78.94017751579699,forward hooks + synchronized wall-clock timing,3,134.72708398103714
98.45852356889974,mps,float16,2412.444292128086,single_benchmark_kv_on_20260416_234635.json,9.424085974693298,21.350494265556335,16.21233570575714,46.986915946006775,125.03087598085403,0.19004195928573608,2.985461902481859,1.0,0.017203200000000002,14.71983802318573,19.454874992370605,46.89891594648361,55.45058101415634,7.873540997505188,0.21979200839996338,1.0,147.89825004339218,24,114688,KV-cache transfer time is estimated analytically from bytes moved and an effective bandwidth value; it is not directly isolated by a hardware profiler.,meta-llama/Llama-3.2-3B-Instruct,17,2.0,5.837677680927774,14.381376048792964,17.36764407157898,37.586697801299714,91.63545553839725,0.17004521515058435,3.1491733407080273,0.0,0.028672,11.502935248872507,3.2664782560389973,27.735991713793382,35.4312397086102,7.114582779614822,0.20869921860487564,13.0,98.45852356889974,forward hooks + synchronized wall-clock timing,1,147.89825004339218
94.38373187054758,mps,float16,2322.835083067417,single_benchmark_kv_on_20260416_234635.json,9.336084961891174,21.153835237026215,16.623288810253143,47.11320900917053,123.80966919660568,0.1959589719772339,8.238251638275926,1.0,0.017203200000000002,14.21803605556488,19.547917008399963,46.902037024497986,55.099627792835236,7.378796339035034,0.2002500295639038,1.0,152.0092500448227,24,114688,KV-cache transfer time is estimated analytically from bytes moved and an effective bandwidth value; it is not directly isolated by a hardware profiler.,meta-llama/Llama-3.2-3B-Instruct,17,2.0,5.745708346366882,14.227058825285539,15.237639867741128,35.21040703939355,88.44576813863671,0.16194747841876486,2.319663159861523,0.0,0.028672,11.21508396708447,3.223922091981639,27.445670788702756,35.008635772311166,7.011641359847525,0.20375900164894437,13.0,94.38373187054758,forward hooks + synchronized wall-clock timing,2,152.0092500448227
98.0861704401348,mps,float16,2403.4458370804787,single_benchmark_kv_on_20260416_234635.json,9.399207949638367,21.16857796907425,16.77079999446869,47.338585913181305,124.34395790100098,0.17941701412200928,3.2034629105156114,1.0,0.017203200000000002,14.604209125041962,19.496083974838257,46.6449516415596,54.870664060115814,7.530498802661896,0.2237919569015503,1.0,147.4639169573784,24,114688,KV-cache transfer time is estimated analytically from bytes moved and an effective bandwidth value; it is not directly isolated by a hardware profiler.,meta-llama/Llama-3.2-3B-Instruct,17,2.0,5.862950356110282,14.478325939696768,15.924653278744739,36.26592957455179,90.47943634053935,0.1683025282362233,3.932933528126592,0.0,0.028672,11.493070669796156,3.2709093482598015,27.82510171506716,35.5333482104799,7.187087885711504,0.20591669497282608,13.0,98.0861704401348,forward hooks + synchronized wall-clock timing,3,147.4639169573784
61.349994662015334,mps,float16,1490.6532522439957,single_benchmark_kv_on_20260416_234459.json,3.3697949647903442,8.858002007007599,12.105078041553497,24.33287501335144,62.494832038879395,0.18720799684524536,4.279905369116207,1.0,0.006553600000000001,9.567582786083221,12.341167032718658,19.943041622638702,24.499627947807312,4.094746291637421,0.2937089800834656,1.0,79.60337501764297,24,32768,KV-cache transfer time is estimated analytically from bytes moved and an effective bandwidth value; it is not directly isolated by a hardware profiler.,meta-llama/Llama-3.2-1B-Instruct,23,2.0,2.7656541751778643,7.201726760553277,15.542963800222978,25.510344735954117,55.25066477060318,0.17529716958170352,3.510504784491199,0.0,0.0098304,7.702625681524691,2.1714907444041707,13.219340928222822,17.88759987509769,4.150094478026681,0.23220679293508115,13.0,61.349994662015334,forward hooks + synchronized wall-clock timing,1,79.60337501764297
56.58546182124511,mps,float16,1392.128330886364,single_benchmark_kv_on_20260416_234459.json,3.912124991416931,9.583789050579071,14.953751981258392,28.449666023254395,71.6157500743866,0.25687503814697266,4.2301133178009,1.0,0.006553600000000001,11.955458104610443,14.205416977405548,21.165332973003387,27.010625064373016,4.200000882148743,0.3479999899864197,1.0,90.66270899772644,24,32768,KV-cache transfer time is estimated analytically from bytes moved and an effective bandwidth value; it is not directly isolated by a hardware profiler.,meta-llama/Llama-3.2-1B-Instruct,23,2.0,2.55767037557519,6.782112025696298,13.285124864267265,22.624907265538756,50.4298259564068,0.18847630075786426,3.569204353467726,0.0,0.0098304,7.158483525981074,2.1761557718981868,12.503223927124687,16.818564464216646,3.827870700670325,0.21196903871453326,13.0,56.58546182124511,forward hooks + synchronized wall-clock timing,2,90.66270899772644
56.806547208972596,mps,float16,1387.459669828415,single_benchmark_kv_on_20260416_234459.json,3.381166160106659,8.575414717197418,12.986377120018005,24.942957997322083,63.47195899486542,0.20220798254013062,3.578071465326687,1.0,0.006553600000000001,9.827331900596619,13.366207957267761,20.183003187179565,24.763960003852844,3.937709093093872,0.2840840220451355,1.0,80.90908402204514,24,32768,KV-cache transfer time is estimated analytically from bytes moved and an effective bandwidth value; it is not directly isolated by a hardware profiler.,meta-llama/Llama-3.2-1B-Instruct,23,2.0,2.60015555827514,6.796948272248973,13.10173135218413,22.49883518270824,50.523461883482724,0.17044396244961282,3.694959401784184,0.0,0.0098304,7.156611875347469,2.191634043403294,12.587367990742559,16.968119559080705,3.8998952663463093,0.2162175178527832,13.0,56.806547208972596,forward hooks + synchronized wall-clock timing,3,80.90908402204514
57.072027089803115,mps,float16,1393.6907480955124,single_benchmark_kv_on_20260416_234459.json,3.4387490153312683,9.047418773174286,13.09487509727478,25.581042885780334,63.381333112716675,0.19999998807907104,4.350155284239193,1.0,0.006553600000000001,9.544790029525757,12.818291008472443,19.779959738254547,24.196332156658173,4.059168040752411,0.2777920365333557,1.0,81.03412503004074,24,32768,KV-cache transfer time is estimated analytically from bytes moved and an effective bandwidth value; it is not directly isolated by a hardware profiler.,meta-llama/Llama-3.2-1B-Instruct,23,2.0,2.6247208558994792,6.949209539786629,13.686448488546455,23.260378884232562,51.5308696679447,0.16716130142626556,2.9067383172309214,0.0,0.0098304,7.387162623198136,2.2427989192630933,12.476533016432887,16.89060782349628,3.992720337017723,0.21462848393813425,13.0,57.072027089803115,forward hooks + synchronized wall-clock timing,4,81.03412503004074
55.80114312534747,mps,float16,1365.1014168858528,single_benchmark_kv_on_20260416_234459.json,3.4420809745788574,8.880416989326477,14.147752940654755,26.47025090456009,64.6901690363884,0.20641696453094482,4.038944413496395,1.0,0.006553600000000001,9.686871707439423,12.492624998092651,20.007746756076813,24.48600000143051,4.047046422958374,0.24041599035263062,1.0,81.67512500286102,24,32768,KV-cache transfer time is estimated analytically from bytes moved and an effective bandwidth value; it is not directly isolated by a hardware profiler.,meta-llama/Llama-3.2-1B-Instruct,23,2.0,2.612827542035476,6.85434602395348,12.619555271190146,22.086728837179102,50.32947500114856,0.16781695770180743,2.8877363435189953,0.0,0.0098304,7.297674290511919,2.1905180319495825,12.612918566102566,17.041637493216474,3.9034343802410625,0.21576639102852863,13.0,55.80114312534747,forward hooks + synchronized wall-clock timing,5,81.67512500286102
67.56919560225114,mps,float16,1677.5933328866959,single_benchmark_kv_on_20260416_234837.json,5.848502933979034,14.76537799835205,20.178663074970245,40.79254400730133,103.20291531085968,0.3761249780654907,18.678789522152712,1.0,0.0033792,20.5402911901474,1.0379160046577454,28.662917912006378,35.563540995121,6.3065391182899475,0.20270901918411255,1.0,123.50183403491974,24,22528,KV-cache transfer time is estimated analytically from bytes moved and an effective bandwidth value; it is not directly isolated by a hardware profiler.,TinyLlama/TinyLlama-1.1B-Chat-v1.0,17,2.0,3.650347546390865,9.246637593144955,14.854333729847617,27.75131886938344,63.508097179557964,0.16840583345164423,2.9934010260732893,0.0,0.005632,9.511243555856788,0.6841015686159548,14.757097977658976,20.751321357229482,5.4942133970882585,0.20955799455228058,13.0,67.56919560225114,forward hooks + synchronized wall-clock timing,1,123.50183403491974
66.59387687755668,mps,float16,1612.4434181451797,single_benchmark_kv_on_20260416_234837.json,4.77216500043869,12.35625296831131,13.33420592546463,30.46262389421463,75.59633195400238,0.18812501430511475,3.795497800808718,1.0,0.0033792,11.470537960529327,1.0077080130577087,21.847956836223602,27.883040964603424,5.780129134654999,0.1932079792022705,1.0,80.78424996137619,24,22528,KV-cache transfer time is estimated analytically from bytes moved and an effective bandwidth value; it is not directly isolated by a hardware profiler.,TinyLlama/TinyLlama-1.1B-Chat-v1.0,17,2.0,3.583607520746148,9.110523172046827,15.23800184674885,27.932132539541826,62.73396344806837,0.16469208572221838,2.7947904766855656,0.0,0.005632,9.042594818965249,0.676900301290595,14.49888021790463,20.347204648930095,5.412031440631203,0.2178985657899276,13.0,66.59387687755668,forward hooks + synchronized wall-clock timing,2,80.78424996137619
65.69999626408453,mps,float16,1616.353205025196,single_benchmark_kv_on_20260416_234837.json,5.514625906944275,13.825413763523102,17.543125450611115,36.88316512107849,94.85866606235504,0.18379104137420654,8.949996675949862,1.0,0.0033792,16.12758231163025,1.0622079968452454,28.64587777853012,35.68158382177353,6.166334807872772,0.19524997472763062,1.0,105.25329095125198,24,22528,KV-cache transfer time is estimated analytically from bytes moved and an effective bandwidth value; it is not directly isolated by a hardware profiler.,TinyLlama/TinyLlama-1.1B-Chat-v1.0,17,2.0,3.6322361697321353,9.412594038507212,13.290255398853965,26.335085607093312,62.023746145808175,0.16794753074645996,2.613130861127439,0.0,0.005632,9.327962631764619,0.6796575577362723,14.680101840392403,20.77383505002312,5.586862856927126,0.20988216866617618,13.0,65.69999626408453,forward hooks + synchronized wall-clock timing,3,105.25329095125198
54.339289735192835,mps,float16,1326.5978298783302,single_benchmark_kv_on_20260416_234544.json,3.5197511315345764,9.427542984485626,11.32520478963852,24.272498905658722,61.404500246047974,0.19987499713897705,2.8922095673034676,1.0,0.0049152,8.690669178962708,12.05920797586441,19.43799978494644,24.22987300157547,4.211459159851074,0.23345798254013062,1.0,76.79416596889496,24,32768,KV-cache transfer time is estimated analytically from bytes moved and an effective bandwidth value; it is not directly isolated by a hardware profiler.,meta-llama/Llama-3.2-1B-Instruct,17,2.0,2.7295613314794456,7.234753852305205,10.46293484646341,20.42725003024806,48.754050744616464,0.1703984374585359,3.0416485928197114,0.0,0.008192,7.060382314350294,2.1402300466661868,12.625800858373227,17.151994593765426,4.114423806252687,0.22476991363193677,13.0,54.339289735192835,forward hooks + synchronized wall-clock timing,1,76.79416596889496
54.16641130395558,mps,float16,1322.366542994976,single_benchmark_kv_on_20260416_234544.json,3.5703749656677246,9.502455711364746,10.95525336265564,24.02808403968811,61.145330011844635,0.17262500524520874,2.7963387744377144,1.0,0.0049152,8.673667967319489,12.207415997982025,19.431165039539337,24.236961126327515,4.2066168785095215,0.21245801448822021,1.0,76.5390830039978,24,32768,KV-cache transfer time is estimated analytically from bytes moved and an effective bandwidth value; it is not directly isolated by a hardware profiler.,meta-llama/Llama-3.2-1B-Instruct,17,2.0,2.7573626041412354,7.219556997651639,10.791636700215546,20.76855630200842,49.11818321891453,0.16428791440051535,2.528777283352728,0.0,0.008192,7.039370078107585,2.1405071797578232,12.665707857712455,17.197547404662423,4.1127094341361,0.2064637075299802,13.0,54.16641130395558,forward hooks + synchronized wall-clock timing,2,76.5390830039978
53.324168521425,mps,float16,1301.241001009941,single_benchmark_kv_on_20260416_234544.json,3.4616231322288513,9.2583789229393,10.500499904155731,23.220501959323883,59.52341800928116,0.19254201650619507,2.615915753121186,1.0,0.0049152,8.302792012691498,12.211667001247406,19.17266571521759,23.932627022266388,4.06749701499939,0.23666703701019287,1.0,74.78512501716614,24,32768,KV-cache transfer time is estimated analytically from bytes moved and an effective bandwidth value; it is not directly isolated by a hardware profiler.,meta-llama/Llama-3.2-1B-Instruct,17,2.0,2.7704678255578745,7.341423654037973,10.224534117657205,20.336425597253054,48.808044889698856,0.1685253433559252,1.976685065471981,0.0,0.008192,6.977139314879542,2.147221132465031,12.685544959876848,17.305288091949794,4.189191885616468,0.21550009043320364,13.0,53.324168521425,forward hooks + synchronized wall-clock timing,3,74.78512501716614
56.917898745640464,mps,float16,1396.1938791275024,single_benchmark_kv_on_20260416_234552.json,3.95728999376297,9.482248961925507,10.030211091041565,23.46975004673004,63.63449990749359,0.19987499713897705,2.6259238036114994,1.0,0.009284266666666667,8.793417990207672,20.378167033195496,22.819959819316864,27.404458224773407,3.9668736457824707,0.23445796966552734,1.0,87.08220797777176,24,32768,KV-cache transfer time is estimated analytically from bytes moved and an effective bandwidth value; it is not directly isolated by a hardware profiler.,meta-llama/Llama-3.2-1B-Instruct,33,2.0,2.7428077718485957,7.180036477420641,13.442514435104702,23.365358684373938,51.658069797184154,0.17270662214445032,2.686793081762707,0.0,0.012561066666666667,6.899884107320205,2.178047130937162,12.75124997159709,17.291954449985337,4.100872555504674,0.20972104694532312,13.0,56.917898745640464,forward hooks + synchronized wall-clock timing,1,87.08220797777176
54.54978808890218,mps,float16,1346.0296260118484,single_benchmark_kv_on_20260416_234552.json,3.9863728880882263,9.622040152549744,12.593585968017578,26.201999008655548,67.5245840549469,0.1805410385131836,3.3307566554982486,1.0,0.009284266666666667,9.463580906391144,20.06108397245407,23.201042115688324,27.760668992996216,4.098335146903992,0.27824997901916504,1.0,91.38449996709824,24,32768,KV-cache transfer time is estimated analytically from bytes moved and an effective bandwidth value; it is not directly isolated by a hardware profiler.,meta-llama/Llama-3.2-1B-Instruct,33,2.0,2.742277013218921,7.290865112905917,11.389018836228743,21.422160962353583,49.822409647962324,0.1680507348931354,2.1572811091487503,0.0,0.012561066666666667,6.962458423946215,2.177949353404667,12.73743135255316,17.301950040070906,4.135840221591618,0.2115361768266429,13.0,54.54978808890218,forward hooks + synchronized wall-clock timing,2,91.38449996709824
56.92039307822352,mps,float16,1398.314623773098,single_benchmark_kv_on_20260416_234552.json,4.1721280217170715,10.032665014266968,10.15491509437561,24.35970813035965,65.90249902009964,0.1911250352859497,2.701467684074146,1.0,0.009284266666666667,9.023499011993408,20.062915980815887,23.10024654865265,28.065753042697906,4.4535388350486755,0.2782909870147705,1.0,89.14558297395706,24,32768,KV-cache transfer time is estimated analytically from bytes moved and an effective bandwidth value; it is not directly isolated by a hardware profiler.,meta-llama/Llama-3.2-1B-Instruct,33,2.0,2.7719310651654783,7.310917908730715,12.037592869737875,22.120441843634065,51.08041304090749,0.17597473963447238,3.271643455238155,0.0,0.012561066666666667,7.277247198249983,2.1598515147748203,12.863005495589713,17.496414910192076,4.186309088831362,0.21994926100191864,13.0,56.92039307822352,forward hooks + synchronized wall-clock timing,3,89.14558297395706
98.48741491462873,mps,float16,2441.259501039982,single_benchmark_kv_on_20260416_234656.json,11.376371085643768,25.304917991161346,15.599338829517365,52.28062790632248,151.36516618728638,0.16312503814697266,2.6042138030863384,1.0,0.03249493333333333,15.434210121631622,21.636500000953674,64.49537485837936,74.99591708183289,8.65441107749939,0.24745804071426392,1.0,176.04895800352097,24,114688,KV-cache transfer time is estimated analytically from bytes moved and an effective bandwidth value; it is not directly isolated by a hardware profiler.,meta-llama/Llama-3.2-3B-Instruct,33,2.0,5.938490559225497,14.808086763257565,15.93025218144707,36.676829503930136,91.95959947161053,0.1804636975993281,2.8163627485687472,0.0,0.04396373333333333,11.943516878978066,3.2622499154961626,27.97914338371028,35.98180371263753,7.357449376064798,0.2247753480206365,13.0,98.48741491462873,forward hooks + synchronized wall-clock timing,1,176.04895800352097
97.88569190968637,mps,float16,2422.7888729572296,single_benchmark_kv_on_20260416_234656.json,11.15158200263977,24.079286873340607,18.789126992225647,54.019995868206024,146.19624710083008,0.1983330249786377,3.2475089719629864,1.0,0.03249493333333333,16.395332872867584,21.46508300304413,59.517579793930054,68.44100201129913,7.339916348457336,0.2782920002937317,1.0,171.4179590344429,24,114688,KV-cache transfer time is estimated analytically from bytes moved and an effective bandwidth value; it is not directly isolated by a hardware profiler.,meta-llama/Llama-3.2-3B-Instruct,33,2.0,5.874613463878632,14.549539405366648,16.047278212464374,36.47143108170965,91.23309950465742,0.17330608160599417,2.981308065920047,0.0,0.04396373333333333,11.958293803360151,3.236364219499671,27.80755085012187,35.60516082463057,7.198213794957036,0.21765030466991922,13.0,97.88569190968637,forward hooks + synchronized wall-clock timing,2,171.4179590344429
97.30354716985121,mps,float16,2405.8956269025803,single_benchmark_kv_on_20260416_234656.json,10.909373998641968,23.893382251262665,15.937828660011292,50.740584909915924,142.8938319683075,0.17712503671646118,3.0756730130053143,1.0,0.03249493333333333,14.85475093126297,21.49862504005432,61.0434610247612,70.05683106184006,7.241665065288544,0.2362920045852661,1.0,167.9140419960022,24,114688,KV-cache transfer time is estimated analytically from bytes moved and an effective bandwidth value; it is not directly isolated by a hardware profiler.,meta-llama/Llama-3.2-3B-Instruct,33,2.0,5.915815026863761,14.716321320637412,15.655182949874712,36.28731929737589,91.1794743615648,0.18154177717540576,2.4637720036587147,0.0,0.04396373333333333,11.784849516723467,3.218108602192091,27.794740365899127,35.76006342017132,7.347242127294126,0.21668669192687326,13.0,97.30354716985121,forward hooks + synchronized wall-clock timing,3,167.9140419960022
68.59868830701579,mps,float16,1691.5344140529633,single_benchmark_kv_on_20260416_234924.json,6.608086168766022,14.752248167991638,14.80437457561493,36.16470891237259,107.7431640625,0.17925000190734863,3.262445544175719,1.0,0.012390400000000001,12.98099809885025,2.3667500019073486,44.74987506866455,52.4701669216156,6.12729012966156,0.20058298110961914,1.0,113.76458299160004,24,22528,KV-cache transfer time is estimated analytically from bytes moved and an effective bandwidth value; it is not directly isolated by a hardware profiler.,TinyLlama/TinyLlama-1.1B-Chat-v1.0,65,2.0,3.7542894612187925,9.607836321644161,14.701343645220218,28.06346942808317,64.84954477393109,0.19436605598615564,2.6558824622770554,0.0,0.0146432,9.525029221306676,0.6898948679799619,15.119757538256438,21.48392741576485,5.777118708776391,0.19435694684153018,13.0,68.59868830701579,forward hooks + synchronized wall-clock timing,1,113.76458299160004
72.24134234760119,mps,float16,1775.5723329782486,single_benchmark_kv_on_20260416_234924.json,6.571752905845642,14.663370907306671,14.555917024612427,35.79104083776474,108.19066280126572,0.1966249942779541,3.14186379807434,1.0,0.012390400000000001,13.345126211643219,2.2673749923706055,45.14649885892868,52.79941809177399,6.255077660083771,0.21254199743270874,1.0,114.02145898342133,24,22528,KV-cache transfer time is estimated analytically from bytes moved and an effective bandwidth value; it is not directly isolated by a hardware profiler.,TinyLlama/TinyLlama-1.1B-Chat-v1.0,65,2.0,3.8848747351895208,9.861539446789285,16.163183777228646,29.909597959207453,67.62486078428185,0.17857604182284811,3.5338438024349377,0.0,0.0146432,10.159963579281516,0.6895289965297865,15.419686110123344,21.76163762807846,5.793661617714426,0.19988952253175818,13.0,72.24134234760119,forward hooks + synchronized wall-clock timing,2,114.02145898342133
66.34691299822019,mps,float16,1652.005915939808,single_benchmark_kv_on_20260416_234924.json,6.79479193687439,14.709501147270203,23.11708092689514,44.621374011039734,118.87654304504395,0.16991597414016724,4.5089425792022695,1.0,0.012390400000000001,13.425791025161743,2.2842079997062683,46.24274796247482,54.441833198070526,6.387544810771942,0.17491698265075684,1.0,126.02691698074341,24,22528,KV-cache transfer time is estimated analytically from bytes moved and an effective bandwidth value; it is not directly isolated by a hardware profiler.,TinyLlama/TinyLlama-1.1B-Chat-v1.0,65,2.0,3.7452012766962466,9.766974866390228,13.260736781617869,26.772912924704343,63.22211531970812,0.16107243299484253,2.0626602225339474,0.0,0.0146432,9.409213703611623,0.6992481221323428,14.882417730663134,21.241686981657278,5.798301709734875,0.18717370085094287,13.0,66.34691299822019,forward hooks + synchronized wall-clock timing,3,126.02691698074341
50.1950398683548,mps,float16,1227.4959579706192,single_benchmark_kv_on_20260416_234524.json,3.354374885559082,8.596712112426758,10.3088698387146,22.25995683670044,57.66012495756149,0.16783297061920166,2.7532508747528084,1.0,0.0049152,8.18274712562561,12.18954199552536,18.758710026741028,23.190374970436096,4.027046024799347,0.234375,1.0,73.01004099845886,24,32768,KV-cache transfer time is estimated analytically from bytes moved and an effective bandwidth value; it is not directly isolated by a hardware profiler.,meta-llama/Llama-3.2-1B-Instruct,17,2.0,2.58435873363329,6.723213125830111,9.8170009981031,19.124572857566502,45.73992009007412,0.15401103963022647,1.9659202955861301,0.0,0.008192,6.433272164800893,2.1302047423694446,12.179493419502093,16.36563738014387,3.8164376875628596,0.19679170069487198,13.0,50.1950398683548,forward hooks + synchronized wall-clock timing,1,73.01004099845886
50.75312143045923,mps,float16,1240.9319179058075,single_benchmark_kv_on_20260416_234524.json,3.4074149131774902,8.725168883800507,10.895751237869263,23.02833503484726,58.52300101518631,0.1645839810371399,2.5625417606781014,1.0,0.0049152,8.739000856876373,12.133500039577484,18.642578959465027,22.91225004196167,3.843415081501007,0.22158300876617432,1.0,73.61012500524521,24,32768,KV-cache transfer time is estimated analytically from bytes moved and an effective bandwidth value; it is not directly isolated by a hardware profiler.,meta-llama/Llama-3.2-1B-Instruct,17,2.0,2.6004684100980344,6.822938610678134,9.887042278828828,19.310449299604997,46.24288583838421,0.15588938412459,2.024998509547358,0.0,0.008192,6.504379034042358,2.1235850505206897,12.271768098292144,16.540241207765497,3.8878162969713626,0.19757064788237863,13.0,50.75312143045923,forward hooks + synchronized wall-clock timing,2,73.61012500524521
53.89695835372676,mps,float16,1316.0460421442986,single_benchmark_kv_on_20260416_234524.json,3.5300819277763367,9.44262582063675,10.716378271579742,23.68908601999283,61.118123173713684,0.17887496948242188,2.6024616734931953,1.0,0.0049152,8.57312786579132,12.272374987602234,19.755209028720856,24.59750109910965,4.258408188819885,0.23925000429153442,1.0,76.41600000858307,24,32768,KV-cache transfer time is estimated analytically from bytes moved and an effective bandwidth value; it is not directly isolated by a hardware profiler.,meta-llama/Llama-3.2-1B-Instruct,17,2.0,2.7101803188738613,7.142552816349527,11.015357789785966,20.868090925009355,48.83336941833081,0.1755053997039795,2.4784421041482014,0.0,0.008192,6.815305733162424,2.1941486959872036,12.577219105285147,17.060650255369104,4.089322504789933,0.207300735556561,13.0,53.89695835372676,forward hooks + synchronized wall-clock timing,3,76.41600000858307
68.70819022085355,mps,float16,1734.5992500782013,single_benchmark_kv_on_20260416_234932.json,9.399084091186523,18.37879377603531,22.115791261196136,49.89366912841797,146.90641498565674,0.18845897912979126,3.274304655260721,1.0,0.02440533333333333,22.559458017349243,3.7014999985694885,58.507831037044525,67.94674909114838,6.50653874874115,0.21579104661941528,1.0,154.3108749985695,24,22528,KV-cache transfer time is estimated analytically from bytes moved and an effective bandwidth value; it is not directly isolated by a hardware profiler.,TinyLlama/TinyLlama-1.1B-Chat-v1.0,129,2.0,3.766842888749164,9.763436641382134,15.07781785208246,28.60809738221376,65.18031291080558,0.173184827617977,2.4112046023942257,0.0,0.026658133333333334,9.549985592779906,0.7196251413096553,14.922762842282005,21.227796590846516,5.7944333449653955,0.19720460539278778,13.0,68.70819022085355,forward hooks + synchronized wall-clock timing,1,154.3108749985695
69.8701684863671,mps,float16,1776.6649171710014,single_benchmark_kv_on_20260416_234932.json,10.572166860103607,19.41208118200302,25.608086049556732,55.59233409166336,158.74808198213577,0.21533304452896118,6.688180652327219,1.0,0.02440533333333333,22.450002074241638,3.704457998275757,64.19899606704712,73.82937407493591,6.876371741294861,0.27058297395706177,1.0,169.6510419845581,24,22528,KV-cache transfer time is estimated analytically from bytes moved and an effective bandwidth value; it is not directly isolated by a hardware profiler.,TinyLlama/TinyLlama-1.1B-Chat-v1.0,129,2.0,3.7516068608864495,9.629970778589664,16.087363795093868,29.46894143456998,65.81907395176266,0.17697452203087186,2.9648424024035807,0.0,0.026658133333333334,9.583569306394327,0.6905560830365056,14.828232042167498,21.073262761468474,5.693300449329874,0.19206339380015497,13.0,69.8701684863671,forward hooks + synchronized wall-clock timing,2,169.6510419845581
68.32973003905752,mps,float16,1723.0370409488678,single_benchmark_kv_on_20260416_234932.json,9.447415828704834,18.272501707077026,20.688583612442017,48.40850114822388,144.03149700164795,0.17362499237060547,3.305097726053873,1.0,0.02440533333333333,21.314838588237762,3.6949999928474426,58.80379092693329,67.57616621255875,6.7319910526275635,0.22362500429153442,1.0,151.45325005054474,24,22528,KV-cache transfer time is estimated analytically from bytes moved and an effective bandwidth value; it is not directly isolated by a hardware profiler.,TinyLlama/TinyLlama-1.1B-Chat-v1.0,129,2.0,3.738606810569763,9.532737436501876,15.296439642491547,28.567783889563188,64.59080994388331,0.16769922038783197,2.6650826568057404,0.0,0.026658133333333334,9.403806124044502,0.689896821975708,14.747489714104196,20.986916982609294,5.632302947666334,0.18958326267159503,13.0,68.32973003905752,forward hooks + synchronized wall-clock timing,3,151.45325005054474
53.79114303899848,mps,float16,1363.4246239066124,single_benchmark_kv_on_20260416_234559.json,4.771083891391754,11.261794209480286,11.51487398147583,27.54775208234787,102.72987616062164,0.1699170470237732,2.860184389493554,1.0,0.018022399999999997,9.46374922990799,20.20262497663498,54.67824923992157,61.03049999475479,4.687874853610992,0.24770903587341309,1.0,126.22833400964737,24,32768,KV-cache transfer time is estimated analytically from bytes moved and an effective bandwidth value; it is not directly isolated by a hardware profiler.,meta-llama/Llama-3.2-1B-Instruct,65,2.0,2.735610415106234,7.334462168424026,10.61576254212338,20.68583512565364,49.25412111437839,0.1690780468609022,1.9960759815505649,0.0,0.0212992,6.99330661089524,2.1383622625599736,12.763176630372586,17.41341630531394,4.161563072515571,0.21220643364864847,13.0,53.79114303899848,forward hooks + synchronized wall-clock timing,1,126.22833400964737
58.49451618868372,mps,float16,1470.3842893838882,single_benchmark_kv_on_20260416_234559.json,4.747292101383209,10.880500078201294,11.564665973186493,27.192458152770996,100.94200199842453,0.16612499952316284,2.6450176419235163,1.0,0.018022399999999997,9.502206206321716,20.939415991306305,53.64295715093613,59.69741606712341,4.5499215722084045,0.2998340129852295,1.0,125.01041704416275,24,32768,KV-cache transfer time is estimated analytically from bytes moved and an effective bandwidth value; it is not directly isolated by a hardware profiler.,meta-llama/Llama-3.2-1B-Instruct,65,2.0,2.7230325444884924,7.073504745960236,12.8432886859645,22.639825976413228,51.38561077480731,0.1710072548493095,4.454383558766672,0.0,0.0212992,7.2119675537814265,2.246585135874541,12.897269578083701,17.41090422609578,4.122913018516872,0.2156302643858868,13.0,58.49451618868372,forward hooks + synchronized wall-clock timing,2,125.01041704416275
53.43065947553386,mps,float16,1353.2890849113464,single_benchmark_kv_on_20260416_234559.json,4.846125900745392,10.953332901000977,10.968289256095886,26.767748057842255,101.15675085783005,0.17420798540115356,2.6195616902328425,1.0,0.018022399999999997,9.145127058029175,20.192166030406952,54.253166139125824,60.50024676322937,4.743628978729248,0.2232080101966858,1.0,124.38391697406769,24,32768,KV-cache transfer time is estimated analytically from bytes moved and an effective bandwidth value; it is not directly isolated by a hardware profiler.,meta-llama/Llama-3.2-1B-Instruct,65,2.0,2.7311863432759824,7.240576049555903,10.513674274734829,20.485436667566713,48.721912689830944,0.1698749972426373,2.1325798930872377,0.0,0.0212992,6.886517928994221,2.1635306944017825,12.665549410426099,17.22948359665663,4.120474496613378,0.2214620009712551,13.0,53.43065947553386,forward hooks + synchronized wall-clock timing,3,124.38391697406769
83.59346556145212,mps,float16,2003.9331238865852,single_benchmark_kv_off_20260416_234534.json,3.732208013534546,9.93678891658783,10.903668940067291,24.572665870189667,64.01254099607468,0.20091700553894043,4.90295797586441,1.0,0.0,9.49366706609726,11.925625026226044,19.923749923706055,25.0541250705719,4.892082989215851,0.24137496948242188,1.0,81.2834159731865,24,,KV-cache transfer time is estimated analytically from bytes moved and an effective bandwidth value; it is not directly isolated by a hardware profiler.,meta-llama/Llama-3.2-1B-Instruct,17,2.0,3.7999366003534067,9.765623546164969,10.731432741102966,24.29699288762134,65.1019437390825,0.2031340391739555,5.688058264877485,0.0,0.0,9.863889810831651,12.369371258694192,21.50000228570855,26.486547449360724,4.454513591268788,0.23095825962398364,13.0,83.59346556145212,forward hooks + synchronized wall-clock timing,1,81.2834159731865
83.78358886293744,mps,float16,2008.577584862709,single_benchmark_kv_off_20260416_234534.json,3.6589987874031067,9.667625188827515,11.002708911895752,24.329332888126373,63.733541905879974,0.1875840425491333,5.377331078052521,1.0,0.0,9.684085965156555,11.958583950996399,19.94150197505951,25.098790049552917,4.621333003044128,0.2980000376701355,1.0,81.55504101514816,24,,KV-cache transfer time is estimated analytically from bytes moved and an effective bandwidth value; it is not directly isolated by a hardware profiler.,meta-llama/Llama-3.2-1B-Instruct,17,2.0,3.8807734639748284,10.035121015880419,10.47037000241487,24.386264482270118,65.52942015554594,0.19342769747195038,5.4565344038216965,0.0,0.0,9.709237088327823,12.38135873493941,21.67645591756572,26.800538042317267,4.633380542630735,0.222847871158434,13.0,83.78358886293744,forward hooks + synchronized wall-clock timing,2,81.55504101514816
82.6808714762978,mps,float16,1983.2355859279633,single_benchmark_kv_off_20260416_234534.json,3.706334114074707,9.89416891336441,11.03320199251175,24.633705019950867,64.26566708087921,0.185916006565094,4.99112594127655,1.0,0.0,9.69796073436737,11.92170798778534,19.922164022922516,25.02312684059143,4.9108744859695435,0.2111249566078186,1.0,81.57554197311401,24,,KV-cache transfer time is estimated analytically from bytes moved and an effective bandwidth value; it is not directly isolated by a hardware profiler.,meta-llama/Llama-3.2-1B-Instruct,17,2.0,3.8041739567466406,9.772272244743679,10.3693164638851,23.94576266537542,64.50435542801152,0.19286791915478912,5.402966774028281,0.0,0.0,9.565953254699707,12.356494574443154,21.499370238055352,26.513831700967707,4.478807806968689,0.22418678066004877,13.0,82.6808714762978,forward hooks + synchronized wall-clock timing,3,81.57554197311401
81.4254751165708,mps,float16,1300.800293803215,single_benchmark_kv_off_20260416_234514.json,3.6069580912590027,9.073456943035126,10.606501817703247,23.286916851997375,61.643665969371796,0.1741669774055481,5.505292117595673,1.0,0.0,9.213456988334656,11.88970798254013,20.168828904628754,24.94650012254715,4.196792006492615,0.20533400774002075,1.0,79.41816705465317,16,,KV-cache transfer time is estimated analytically from bytes moved and an effective bandwidth value; it is not directly isolated by a hardware profiler.,meta-llama/Llama-3.2-1B-Instruct,23,2.0,3.7347254117329913,9.50445262591044,10.149410529931385,23.388588567574818,63.28040599822998,0.20157206058502197,5.352052553494771,0.0,0.0,9.507213338216145,12.376969456672668,21.351906784375508,26.13530296087265,4.249301131566366,0.2144750475883484,9.0,81.4254751165708,forward hooks + synchronized wall-clock timing,1,79.41816705465317
81.88789992332458,mps,float16,1310.9619158506393,single_benchmark_kv_off_20260416_234514.json,3.5767908692359924,9.48291802406311,12.110956072807312,25.170664966106415,64.72458606958389,0.1749579906463623,5.273665010929108,1.0,0.0,11.042126297950745,12.149707973003387,19.955377340316772,24.580373108386993,3.93142169713974,0.3204999566078186,1.0,82.64341700077057,16,,KV-cache transfer time is estimated analytically from bytes moved and an effective bandwidth value; it is not directly isolated by a hardware profiler.,meta-llama/Llama-3.2-1B-Instruct,23,2.0,3.814655355612437,9.600108325481415,10.120613451798757,23.53537713289261,63.50207522710164,0.1848305344581604,5.566174896558126,0.0,0.0,9.352188551425934,12.420649937788646,21.441086220741273,26.295413593451183,4.31909594933192,0.21416932741800945,9.0,81.88789992332458,forward hooks + synchronized wall-clock timing,2,82.64341700077057
81.82511105934779,mps,float16,1306.9559988975525,single_benchmark_kv_off_20260416_234514.json,3.5698740482330322,9.566084027290344,10.452918946743011,23.588877022266388,62.26574885845184,0.18583303689956665,4.954626142978668,1.0,0.0,9.188041985034943,11.917249977588654,20.23829209804535,25.101125061511993,4.387704789638519,0.25587499141693115,1.0,79.57933300733566,16,,KV-cache transfer time is estimated analytically from bytes moved and an effective bandwidth value; it is not directly isolated by a hardware profiler.,meta-llama/Llama-3.2-1B-Instruct,23,2.0,3.7892586032549542,9.614233907063802,10.039276989301046,23.442769499619803,63.117799822489424,0.18680566151936848,5.908544782797495,0.0,0.0,9.242491511503856,12.40081379810969,21.343765366077424,26.116561416784922,4.315977394580841,0.21114699443181356,9.0,81.82511105934779,forward hooks + synchronized wall-clock timing,3,79.57933300733566
100.79005800900252,mps,float32,2574.3703342080116,single_benchmark_kv_on_20260416_235016.json,17.81258201599121,28.613829016685486,37.88946491479874,84.31587594747543,239.93395709991455,0.2292500138282776,6.124214492749786,1.0,0.0968704,15.556331396102905,9.58916699886322,124.11754190921783,133.02833312749863,7.0334166288375854,0.22554099559783936,1.0,256.1990000009537,24,45056,KV-cache transfer time is estimated analytically from bytes moved and an effective bandwidth value; it is not directly isolated by a hardware profiler.,TinyLlama/TinyLlama-1.1B-Chat-v1.0,257,2.0,6.735236950542616,12.924665883831356,21.039006476816922,40.698909311190896,94.61705186833505,0.20549100637435913,4.350905431011531,0.0,0.10137600000000001,10.199844484743865,1.2751466994700225,28.599716844766036,36.56242044593977,7.155877626460532,0.240087003811546,13.0,100.79005800900252,forward hooks + synchronized wall-clock timing,1,256.1990000009537
93.66517561155817,mps,float32,2565.485872089863,single_benchmark_kv_on_20260416_235016.json,28.277498960494995,47.02741897106171,58.83403813838959,134.1389560699463,386.6982070207596,0.743291974067688,6.90058859438858,1.0,0.0968704,24.56162601709366,16.38604199886322,202.8498750925064,217.44312405586243,10.554500877857208,0.36183303594589233,1.0,411.18683302402496,24,45056,KV-cache transfer time is estimated analytically from bytes moved and an effective bandwidth value; it is not directly isolated by a hardware profiler.,TinyLlama/TinyLlama-1.1B-Chat-v1.0,257,2.0,5.916974915110546,12.172278077706046,20.257096355376035,38.34634934819263,87.88380398698474,0.21114860928576926,3.9768707075016185,0.0,0.10137600000000001,9.644055198068203,1.2574256995449895,25.62156804229902,33.081429364888564,6.811970075835353,0.23455060824103977,13.0,93.66517561155817,forward hooks + synchronized wall-clock timing,2,411.18683302402496
81.70289303945458,mps,float32,2157.591497898102,single_benchmark_kv_on_20260416_235016.json,19.87258005142212,31.045831978321075,38.685127794742584,89.60353982448578,260.9973329305649,0.21779102087020874,6.086630664777374,1.0,0.0968704,16.15050107240677,10.788915991783142,139.54287093877792,148.41787308454514,6.825418949127197,0.23741698265075684,1.0,278.42495799064636,24,45056,KV-cache transfer time is estimated analytically from bytes moved and an effective bandwidth value; it is not directly isolated by a hardware profiler.,TinyLlama/TinyLlama-1.1B-Chat-v1.0,257,2.0,4.773247726585554,11.357930113439975,17.265273024206575,33.39645086423211,76.77506383346474,0.19249648633210556,3.230668681777124,0.0,0.10137600000000001,8.549178190853285,1.1866323455520298,21.717637238295183,28.532623228819475,6.296811549559884,0.21665569232857745,13.0,81.70289303945458,forward hooks + synchronized wall-clock timing,3,278.42495799064636
52.47951626259348,mps,float16,1345.7359570264816,single_benchmark_kv_on_20260416_234607.json,6.682997047901154,13.521963953971863,14.9979989528656,35.20295995473862,113.05496007204056,0.20350003242492676,2.6655002356541786,1.0,0.035498666666666664,10.554579973220825,22.536832988262177,56.075412929058075,62.58154499530792,4.715875148773193,0.2107909917831421,1.0,138.70708298683167,24,32768,KV-cache transfer time is estimated analytically from bytes moved and an effective bandwidth value; it is not directly isolated by a hardware profiler.,meta-llama/Llama-3.2-1B-Instruct,129,2.0,2.668658989927043,7.0722469739291975,10.819269880004551,20.560175843860794,48.09299488430438,0.1595217430073282,1.8629995228553553,0.0,0.03877546666666667,6.6739843798720315,2.1253099052802376,12.40758839638337,16.842220557772595,4.016614102798959,0.19991474047951077,13.0,52.47951626259348,forward hooks + synchronized wall-clock timing,1,138.70708298683167
54.71171920973322,mps,float16,1399.8403328061104,single_benchmark_kv_on_20260416_234607.json,6.8677480816841125,14.252873003482819,15.200545907020569,36.3211669921875,115.79671096801758,0.1995829939842224,2.664082300759617,1.0,0.035498666666666664,11.040420114994049,22.563875019550323,56.73737621307373,63.50287503004074,4.932248830795288,0.21104103326797485,1.0,141.4707909822464,24,32768,KV-cache transfer time is estimated analytically from bytes moved and an effective bandwidth value; it is not directly isolated by a hardware profiler.,meta-llama/Llama-3.2-1B-Instruct,129,2.0,2.7742156127224797,7.482648960922075,11.079492211341858,21.336356784986414,50.190141037754394,0.1724111696948176,1.943112747216609,0.0,0.03877546666666667,6.986299672852391,2.153617607510608,12.851224440595377,17.598399944927383,4.269084634988205,0.21366118089012479,13.0,54.71171920973322,forward hooks + synchronized wall-clock timing,2,141.4707909822464
54.60549095402593,mps,float16,1398.6437499523163,single_benchmark_kv_on_20260416_234607.json,6.978582143783569,14.222296297550201,15.511412560939789,36.71229100227356,116.885871052742,0.1903749704360962,2.7915893317235145,1.0,0.035498666666666664,11.201874375343323,22.591790974140167,57.07362389564514,63.872874081134796,5.098831593990326,0.22233301401138306,1.0,142.71745800971985,24,32768,KV-cache transfer time is estimated analytically from bytes moved and an effective bandwidth value; it is not directly isolated by a hardware profiler.,meta-llama/Llama-3.2-1B-Instruct,129,2.0,2.7878317392390706,7.463985987331556,11.164428415505782,21.41624614207641,50.056233190971874,0.17802552036617114,1.9683355540434908,0.0,0.03877546666666667,7.02778281595396,2.1475071362827136,12.74700210923734,17.400896448156107,4.2113077847853955,0.21661408569501794,13.0,54.60549095402593,forward hooks + synchronized wall-clock timing,3,142.71745800971985
72.32324633909309,mps,float16,1810.207456767559,single_benchmark_kv_on_20260416_234902.json,9.601043164730072,17.752123832702637,21.868041038513184,49.22120803594589,139.53020584583282,0.20408296585083008,3.1076388031908664,1.0,0.02440533333333333,16.4501251578331,3.6582080125808716,59.06641674041748,67.39929085969925,6.459581792354584,0.24825000762939453,1.0,146.77279096841812,24,22528,KV-cache transfer time is estimated analytically from bytes moved and an effective bandwidth value; it is not directly isolated by a hardware profiler.,TinyLlama/TinyLlama-1.1B-Chat-v1.0,129,2.0,4.065395142721093,10.095411406910937,15.91449036805526,30.075296917687293,68.51540402225827,0.18373731167420096,2.674294961522265,0.0,0.026658133333333334,10.146132774974989,0.7179817842400592,15.72569445423458,22.306224576804947,5.987749752791031,0.20517012606496396,13.0,72.32324633909309,forward hooks + synchronized wall-clock timing,1,146.77279096841812
67.40589312885119,mps,float16,1694.1589169502258,single_benchmark_kv_on_20260416_234902.json,9.594249844551086,17.96254062652588,19.68812483549118,47.244915306568146,136.4910397529602,0.2066659927368164,3.18588891334025,1.0,0.02440533333333333,15.269835531711578,3.6958749890327454,58.74774819612503,67.2936658859253,6.682623028755188,0.21950000524520874,1.0,143.82337498664856,24,22528,KV-cache transfer time is estimated analytically from bytes moved and an effective bandwidth value; it is not directly isolated by a hardware profiler.,TinyLlama/TinyLlama-1.1B-Chat-v1.0,129,2.0,3.765145421028137,9.749340321706688,13.911613645760909,27.426099388495736,63.94791809890581,0.17527722275775412,2.3413620202306222,0.0,0.026658133333333334,9.50953244385512,0.7142519588055818,14.869463280491207,21.21892928817998,5.7933569783749785,0.20042569481808206,13.0,67.40589312885119,forward hooks + synchronized wall-clock timing,2,143.82337498664856
67.76703631359598,mps,float16,1702.8672932386398,single_benchmark_kv_on_20260416_234902.json,9.525545001029968,18.301086246967316,19.551949441432953,47.37858068943024,137.27271008491516,0.18491697311401367,2.7640925914713534,1.0,0.02440533333333333,14.604584872722626,3.751542031764984,59.125081181526184,68.32075107097626,6.968793451786041,0.22779101133346558,1.0,144.2254580259323,24,22528,KV-cache transfer time is estimated analytically from bytes moved and an effective bandwidth value; it is not directly isolated by a hardware profiler.,TinyLlama/TinyLlama-1.1B-Chat-v1.0,129,2.0,3.7724266233651536,9.776853253012119,14.1862523296605,27.73553220603777,64.160235500854,0.16990213290504788,2.535028452445442,0.0,0.026658133333333334,9.56966128297474,0.6750470892242764,14.852687216323355,21.104952799237292,5.750089212604191,0.20016500483388486,13.0,67.76703631359598,forward hooks + synchronized wall-clock timing,3,144.2254580259323
